<?xml version="1.0" encoding="utf-8"?>
<DataSetImportSettings xmlns:xsd="http://www.w3.org/2001/XMLSchema" xmlns:xsi="http://www.w3.org/2001/XMLSchema-instance">
  <Source>
    <SourceDataSetType>ExcelXLSXWorksheet</SourceDataSetType>
    <OleDbSourceDataSetSettings/>
    <OleDbTableSourceDataSetSettings/>
    <OleDbSelectSourceDataSetSettings/>
    <ODBCSourceDataSetSettings/>
    <ODBCSelectSourceDataSetSettings/>
    <FileSystemFilesDataSetSettings/>
    <ExcelDataSetSettings>
      <ExcelFileFullPath>c:\temp\StaffFolders.xlsx</ExcelFileFullPath>
      <WorkSheetName>directories</WorkSheetName>
    </ExcelDataSetSettings>
  </Source>
  <Destination>
    <AuthenticationSettings>
      <AuthenticationType>Office365</AuthenticationType>
      <domain />
      <username>me@mycompany.onmicrosoft.com</username>
      <encryptedpassed>SzFuZ2Zpc2hlcg==</encryptedpassed>
    </AuthenticationSettings>
    <DestinationListSettings>
      <DestinationWebUrlRelative>/sites/SPImportHelper</DestinationWebUrlRelative>
      <DestinationFolderUrlRelative>/sites/SPImportHelper/Docs</DestinationFolderUrlRelative>
      <DestinationServerUrl>https://mycompany.sharepoint.com</DestinationServerUrl>
      <DestinationListName>Docs</DestinationListName>
    </DestinationListSettings>
    <DestinationItemSettings>
      <DestinationItemType>Folder</DestinationItemType>
      <ItemExistsBehaviour>Overwrite</ItemExistsBehaviour>
      <ImportMappings>
        <ImportMapping xsi:type="ImportMapping_String">
          <DestinationField>Title</DestinationField>
          <SourceColumn>Title</SourceColumn>
        </ImportMapping>
        <ImportMapping xsi:type="ImportMapping_Native">
          <DestinationField>EmployeeNumber</DestinationField>
          <SourceColumn>Employee Number</SourceColumn>
        </ImportMapping>
        <ImportMapping xsi:type="ImportMapping_ManagedMetaDataCSOM">
          <DestinationField>Employee Name</DestinationField>
          <SourceColumn>Employee Name</SourceColumn>
        </ImportMapping>
        <ImportMapping xsi:type="ImportMapping_ManagedMetaDataCSOM">
          <DestinationField>Skills</DestinationField>
          <SourceColumn>Skills</SourceColumn>
        </ImportMapping>
      </ImportMappings>
    </DestinationItemSettings>
    <DestinationExecutionSettings>
      <PerItemImportThrottle>0</PerItemImportThrottle>
    </DestinationExecutionSettings>
    <SourceColumns>
      <SourceFileNameAndPath>FullName</SourceFileNameAndPath>
      <ContentType>ContentType</ContentType>
      <DestinationSubFolder>DestinationSubDirectories</DestinationSubFolder>
      <DestinationFileName>DestinationFolderName</DestinationFileName>
      <Publish>Publish</Publish>
      <CheckInComment>CheckInComment</CheckInComment>
      <PublishComment>PublishComment</PublishComment>
      <PageLayoutASPXName>PageLayoutASPXName</PageLayoutASPXName>
      <ConversionMethod>ConversionMethod</ConversionMethod>
    </SourceColumns>
  </Destination>
</DataSetImportSettings>