<?xml version="1.0" encoding="utf-8"?>
<DataSetImportSettings xmlns:xsd="http://www.w3.org/2001/XMLSchema" xmlns:xsi="http://www.w3.org/2001/XMLSchema-instance">
  <Source>
    <!-- The source used is OLEDbSelect meaning that DIFS expected to run a SQL select statement against an OleDB data source.  OleDB select will ignore columns like importstatus-->
    <SourceDataSetType>OLEDbSelect</SourceDataSetType>
    <OleDbSourceDataSetSettings>
      <!-- The Connection string uses a microsoft provider to access an Excel spreadsheet-->
      <ConnectionString>Provider=Microsoft.ACE.OLEDB.12.0;Data Source=\\vmware-host\Shared Folders\Projects\ProductDevelopment\ImportForSharePoint\WorkingArea\Examples\StaffDocuments.xlsx;Extended Properties="Excel 12.0 Xml;HDR=YES;IMEX=0";</ConnectionString>
    </OleDbSourceDataSetSettings>
    <OleDbSelectSourceDataSetSettings>
      <!-- The select statement will get all the documents from the files worksheet -->
      <SelectStatement>select * from [files$]</SelectStatement>
    </OleDbSelectSourceDataSetSettings>
  </Source>
  <Destination>
    <!-- The authentication type is Office365 i.e. online cloud sharepoint, you can load the configuration file to DIFS to enter and save the credentials in encrypted format -->
    <AuthenticationSettings>
      <AuthenticationType>Office365</AuthenticationType>
      <domain />
      <username></username>
      <encryptedpassed></encryptedpassed>
    </AuthenticationSettings>
    <DestinationItemSettings>
      <!-- The DestinationItemType you are telling DIFS to make is a Document as opposed to an Item or Folder -->
      <DestinationItemType>Document</DestinationItemType>
      <!-- If the item already exists then overwrite it -->
      <ItemExistsBehaviour>Overwrite</ItemExistsBehaviour>
      <!-- Map data from your source into SharePoint fields-->
      <ImportMappings>
        <!-- Map title to title assuming that it is a string -->
        <ImportMapping xsi:type="ImportMapping_String">
          <DestinationField>Title</DestinationField>
          <SourceColumn>Title</SourceColumn>
        </ImportMapping>
        <!-- Map Employee Number to EmployeeNumber -->
        <ImportMapping xsi:type="ImportMapping_String">
          <DestinationField>EmployeeNumber</DestinationField>
          <SourceColumn>Employee Number</SourceColumn>
        </ImportMapping>
      </ImportMappings>
    </DestinationItemSettings>
    <!-- Tell DIFS exactly where the destination list or library is -->
    <DestinationListSettings>
      <DestinationWebUrlRelative>/sites/SPImportHelper</DestinationWebUrlRelative>
      <DestinationFolderUrlRelative>/sites/SPImportHelper/Docs</DestinationFolderUrlRelative>
      <DestinationServerUrl>https://company.sharepoint.com</DestinationServerUrl>
      <DestinationListName>Docs</DestinationListName>
    </DestinationListSettings>
    <!-- Tell DIFS about the source you importing from-->
    <SourceColumns>
      <!-- The column in the source which contains the full path of the file being imported.  The value entered here is ignored unless DestinationItemType is Document -->
      <SourceFileNameAndPath>FullName</SourceFileNameAndPath>
      <!-- The column in the source the value of which matches the content type in sharepoint to set on the item.  If you are not using content types on the destination list you can enter an OOTB SharePoint content type such as Item, Document, Folder -->
      <ContentType>ContentType</ContentType>
      <!-- The column in the source (if applicable) that contains the subfolder path (If any) to import to -->
      <!-- This could be, for example, "Staff" or "Staff/Bob Smith" or "Staff/1001".  The folder must already exist and can be created using DIFS -->
      <DestinationSubFolder>DestinationSubDirectories</DestinationSubFolder>
      <!-- The column in the source which contains the destination name. The value entered here is ignored unless DestinationItemType is Document or Folder -->
      <DestinationFileName>DestinationFileName</DestinationFileName>
    </SourceColumns>
  </Destination>
</DataSetImportSettings>