<?xml version="1.0" encoding="utf-8"?>
<DataSetImportSettings xmlns:xsd="http://www.w3.org/2001/XMLSchema" xmlns:xsi="http://www.w3.org/2001/XMLSchema-instance">
  <Source>
    <SourceDataSetType>OLEDbSelect</SourceDataSetType>
    <OleDbSourceDataSetSettings>
      <ConnectionString>Provider=Microsoft.ACE.OLEDB.12.0;Data Source=\\vmware-host\Shared Folders\Projects\ProductDevelopment\ImportForSharePoint\WorkingArea\Examples\Versioning.xlsx;Extended Properties="Excel 12.0 Xml;HDR=YES;IMEX=0";</ConnectionString>
    </OleDbSourceDataSetSettings>
    <OleDbTableSourceDataSetSettings />
    <OleDbSelectSourceDataSetSettings>
      <SelectStatement>select * from [files$]</SelectStatement>
    </OleDbSelectSourceDataSetSettings>
  </Source>
  <Destination>
    <AuthenticationSettings>
      <AuthenticationType>Office365</AuthenticationType>
      <domain />
      <username></username>
      <encryptedpassed></encryptedpassed>
    </AuthenticationSettings>
    <DestinationItemSettings>
      <DestinationItemType>Document</DestinationItemType>
      <!-- Item exists behaviour needs to be Overwrite if you want versions to be produced. -->
      <ItemExistsBehaviour>Overwrite</ItemExistsBehaviour>
      <ImportMappings>
        <ImportMapping xsi:type="ImportMapping_String">
          <DestinationField>Title</DestinationField>
          <SourceColumn>Title</SourceColumn>
        </ImportMapping>
      </ImportMappings>
    </DestinationItemSettings>
    <DestinationListSettings>
      <DestinationWebUrlRelative>/sites/SPImportHelper</DestinationWebUrlRelative>
      <DestinationFolderUrlRelative>/sites/SPImportHelper/Versioning</DestinationFolderUrlRelative>
      <DestinationServerUrl>https://company.sharepoint.com</DestinationServerUrl>
      <DestinationListName>Versioning</DestinationListName>
    </DestinationListSettings>
    <SourceColumns>
      <SourceFileNameAndPath>FullName</SourceFileNameAndPath>
      <ContentType>ContentType</ContentType>
      <DestinationSubFolder>DestinationSubDirectories</DestinationSubFolder>
      <DestinationFileName>DestinationFileName</DestinationFileName>
      <!-- When this column in the source data contains a boolean True the document will be published-->
      <Publish>Publish</Publish>
      <!-- If this columns exists in the source data and contains a value it will be used as the check in comment -->
      <CheckInComment>CheckInComment</CheckInComment>
      <!-- If this columns exists in the source data and contains a value it will be used as the publish comment -->
      <PublishComment>PublishComment</PublishComment>
    </SourceColumns>
  </Destination>
</DataSetImportSettings>