<?xml version="1.0" encoding="utf-8"?>
<DataSetImportSettings xmlns:xsd="http://www.w3.org/2001/XMLSchema" xmlns:xsi="http://www.w3.org/2001/XMLSchema-instance">
  <Source>
    <SourceDataSetType>OLEDbSelect</SourceDataSetType>
    <OleDbSourceDataSetSettings>
      <ConnectionString>Provider=Microsoft.ACE.OLEDB.12.0;Data Source=\\vmware-host\Shared Folders\Projects\ProductDevelopment\ImportForSharePoint\WorkingArea\Examples\StaffDocumentSets.xlsx;Extended Properties="Excel 12.0 Xml;HDR=YES;IMEX=0";</ConnectionString>
    </OleDbSourceDataSetSettings>
    <OleDbTableSourceDataSetSettings />
    <OleDbSelectSourceDataSetSettings>
      <SelectStatement>select * from [directories$]</SelectStatement>
    </OleDbSelectSourceDataSetSettings>
  </Source>
  <Destination>
    <AuthenticationSettings>
      <AuthenticationType>Office365</AuthenticationType>
      <domain />
      <username></username>
      <encryptedpassed></encryptedpassed>
    </AuthenticationSettings>
    <DestinationItemSettings>
      <!-- Document sets can be created in the same way as folders-->
      <DestinationItemType>Folder</DestinationItemType>
      <ItemExistsBehaviour>Overwrite</ItemExistsBehaviour>
      <ImportMappings>
        <ImportMapping xsi:type="ImportMapping_String">
          <DestinationField>Title</DestinationField>
          <SourceColumn>Title</SourceColumn>
        </ImportMapping>
        <!-- Each document set has a description field.  Since there are multiple description fields in SharePoint we will use the internal name-->
        <ImportMapping xsi:type="ImportMapping_String">
          <DestinationField>DocumentSetDescription</DestinationField>
          <SourceColumn>Description</SourceColumn>
        </ImportMapping>
        <ImportMapping xsi:type="ImportMapping_Native">
          <DestinationField>EmployeeNumber</DestinationField>
          <SourceColumn>Employee Number</SourceColumn>
        </ImportMapping>
        <ImportMapping xsi:type="ImportMapping_ManagedMetaDataCSOM">
          <DestinationField>Employee Name</DestinationField>
          <SourceColumn>Employee Name</SourceColumn>
        </ImportMapping>
      </ImportMappings>
    </DestinationItemSettings>
    <DestinationListSettings>
      <DestinationWebUrlRelative>/sites/SPImportHelper</DestinationWebUrlRelative>
      <DestinationFolderUrlRelative>/sites/SPImportHelper/Docs</DestinationFolderUrlRelative>
      <DestinationServerUrl>https://company.sharepoint.com</DestinationServerUrl>
      <DestinationListName>Docs</DestinationListName>
    </DestinationListSettings>
    <SourceColumns>
      <SourceFileNameAndPath>FullName</SourceFileNameAndPath>
      <ContentType>ContentType</ContentType>
      <DestinationSubFolder>DestinationSubDirectories</DestinationSubFolder>
      <DestinationFileName>DestinationFolderName</DestinationFileName>
    </SourceColumns>
  </Destination>
</DataSetImportSettings>