<?xml version="1.0" encoding="utf-8"?>
<DataSetImportSettings xmlns:xsd="http://www.w3.org/2001/XMLSchema" xmlns:xsi="http://www.w3.org/2001/XMLSchema-instance">
  <Source>
    <SourceDataSetType>OLEDbSelect</SourceDataSetType>
    <OleDbSourceDataSetSettings>
      <ConnectionString>Provider=Microsoft.ACE.OLEDB.12.0;Data Source=\\vmware-host\Shared Folders\Projects\ProductDevelopment\ImportForSharePoint\WorkingArea\Examples\PublishingPage.xlsx;Extended Properties="Excel 12.0 Xml;HDR=YES;IMEX=0";</ConnectionString>
    </OleDbSourceDataSetSettings>
    <OleDbTableSourceDataSetSettings />
    <OleDbSelectSourceDataSetSettings>
      <SelectStatement>select * from [files$]</SelectStatement>
    </OleDbSelectSourceDataSetSettings>
  </Source>
  <Destination>
    <AuthenticationSettings>
      <AuthenticationType>Office365</AuthenticationType>
      <domain />
      <username>me@mycompany.onmicrosoft.com</username>
      <encryptedpassed></encryptedpassed>
    </AuthenticationSettings>
    <DestinationItemSettings>
      <!-- Destination item type PublishingPage tells the import to create publishing pages using the page layout name in the column as set by PageLayoutASPXName  -->
      <DestinationItemType>PublishingPage</DestinationItemType>
      <ItemExistsBehaviour>Overwrite</ItemExistsBehaviour>
      <ImportMappings>
        <ImportMapping xsi:type="ImportMapping_String">
          <DestinationField>Title</DestinationField>
          <SourceColumn>Title</SourceColumn>
        </ImportMapping>
        <!-- We can map to byline or any field for that matter -->
        <ImportMapping xsi:type="ImportMapping_String">
          <DestinationField>Byline</DestinationField>
          <SourceColumn>Byline</SourceColumn>
        </ImportMapping>
        <!-- The mapping to page content is one of the most import since it will map the HTML in that column into your new page -->
        <ImportMapping xsi:type="ImportMapping_String">
          <DestinationField>Page Content</DestinationField>
          <SourceColumn>Page Content</SourceColumn>
        </ImportMapping>
      </ImportMappings>
    </DestinationItemSettings>
    <DestinationListSettings>
      <DestinationWebUrlRelative>/sites/SPImportHelper</DestinationWebUrlRelative>
      <DestinationFolderUrlRelative>/sites/SPImportHelper/Pages</DestinationFolderUrlRelative>
      <DestinationServerUrl>https://mycompany.sharepoint.com</DestinationServerUrl>
      <DestinationListName>Pages</DestinationListName>
    </DestinationListSettings>
    <SourceColumns>
      <SourceFileNameAndPath>FullName</SourceFileNameAndPath>
      <!-- Content Type is ignored for publishing pages since it is set by the page layout -->
      <ContentType>ContentType</ContentType>
      <DestinationSubFolder>DestinationSubDirectories</DestinationSubFolder>
      <DestinationFileName>DestinationFileName</DestinationFileName>
      <!-- If you want to publish your pages then create this column in your data source and set to something that equates to boolean true for each page that you want to publish  -->
      <Publish>Publish</Publish>
      <!-- The name of the column in the source data set which contains a string to use as the check in comment for the page -->
      <CheckInComment>CheckInComment</CheckInComment>
      <!-- The name of the column in the source data set which contains a string to use as the publish comment for the page -->
      <PublishComment>PublishComment</PublishComment>
      <!-- The name of the column in the source data set which contains the name of the page layout to use e.g. MyPageLayout.aspx -->
      <PageLayoutASPXName>PageLayoutASPXName</PageLayoutASPXName>
    </SourceColumns>
  </Destination>
</DataSetImportSettings>