<?xml version="1.0" encoding="utf-8"?>
<DataSetImportSettings xmlns:xsd="http://www.w3.org/2001/XMLSchema" xmlns:xsi="http://www.w3.org/2001/XMLSchema-instance">
  <Source>
    <!-- The source used is OLEDbSelect meaning that DIFS expected to run a SQL select statement against an OleDB data source.  OleDB select will ignore columns like importstatus-->
    <SourceDataSetType>OLEDbSelect</SourceDataSetType>
    <OleDbSourceDataSetSettings>
      <!-- The Connection string uses a microsoft provider to access an Excel spreadsheet-->
      <ConnectionString>Provider=Microsoft.ACE.OLEDB.12.0;Data Source=\\vmware-host\Shared Folders\Projects\ProductDevelopment\ImportForSharePoint\WorkingArea\Examples\StaffFolders.xlsx;Extended Properties="Excel 12.0 Xml;HDR=YES;IMEX=0";</ConnectionString>
    </OleDbSourceDataSetSettings>
    <OleDbSelectSourceDataSetSettings>
      <!-- The select statement will get all the folders from the directories worksheet -->
      <SelectStatement>select * from [directories$]</SelectStatement>
    </OleDbSelectSourceDataSetSettings>
  </Source>
  <Destination>
    <!-- The authentication type is Office365 i.e. online cloud sharepoint, you can load the configuration file to DIFS to enter and save the credentials in encrypted format -->
    <AuthenticationSettings>
      <AuthenticationType>Office365</AuthenticationType>
      <domain />
      <username></username>
      <encryptedpassed></encryptedpassed>
    </AuthenticationSettings>
    <DestinationItemSettings>
      <!-- The DestinationItemType you are telling DIFS to make is a Folder as opposed to an Item or Document -->
      <DestinationItemType>Folder</DestinationItemType>
      <!-- If the item already exists then overwrite it -->
      <ItemExistsBehaviour>Overwrite</ItemExistsBehaviour>
      <!-- Map data from your source into SharePoint fields-->
      <ImportMappings>
        <!-- Map title to title assuming that it is a string -->
        <ImportMapping xsi:type="ImportMapping_String">
          <DestinationField>Title</DestinationField>
          <SourceColumn>Title</SourceColumn>
        </ImportMapping>
        <!-- Map Employee Number to EmployeeNumber without conversion.  In this instance this works because both are numeric fields-->
        <ImportMapping xsi:type="ImportMapping_Native">
          <DestinationField>EmployeeNumber</DestinationField>
          <SourceColumn>Employee Number</SourceColumn>
        </ImportMapping>
        <!-- Map Employee Name to Employee Name as ManagedMetaDataAutoAdd.  In this instance the value in the spreadsheet is created as a managed meta data term and then the folder tagged with it -->
        <ImportMapping xsi:type="ImportMapping_ManagedMetaDataAutoAdd">
          <DestinationField>Employee Name</DestinationField>
          <SourceColumn>Employee Name</SourceColumn>
        </ImportMapping>
        <!-- Map Date of Leaving to DateOfLeaving converting from a string date.  In this instance the string is assumed to be in UK date format-->        
        <ImportMapping xsi:type="ImportMapping_DateTimeFromString">
          <DestinationField>DateOfLeaving</DestinationField>
          <SourceColumn>Date of Leaving</SourceColumn>
		      <!-- Refer to DateTime.ParseExact on MSDN for more information on ConversionMask (format) and culture (iformat provider)-->
		      <ConversionMask>dd/MM/yyyy hh:mm:ss</ConversionMask>
		      <Culture>en-GB</Culture>
        </ImportMapping>
        <!-- Map Job Title to Job assuming that job is a look up field and the value of the column job title matches an entry in it.-->
        <ImportMapping xsi:type="ImportMapping_Lookup">
		      <!-- This is the field of type lookup.-->
          <DestinationField>Job</DestinationField>
          <SourceColumn>Job Title</SourceColumn>
		      <!-- This is the list that contains the lookup values -->
		      <LookupListTitle>Items</LookupListTitle>
		      <!-- This is the field in the lookup list the value of which matches the value in the source column-->
		      <LookupFieldInternalName>Title</LookupFieldInternalName>
		      <!-- This is the CAML value type Text,Number,DateTime,Guid,MultiChoice,Lookup for the field on in the lookup list that matches the value specified in the source column -->
		      <LookupFieldCAMLType>Text</LookupFieldCAMLType>
        </ImportMapping>
      </ImportMappings>
    </DestinationItemSettings>
    <!-- Tell DIFS exactly where the destination list or library is -->
    <DestinationListSettings>
      <DestinationWebUrlRelative>/sites/SPImportHelper</DestinationWebUrlRelative>
      <DestinationFolderUrlRelative>/sites/SPImportHelper/Docs</DestinationFolderUrlRelative>
      <DestinationServerUrl>https://company.sharepoint.com</DestinationServerUrl>
      <DestinationListName>Docs</DestinationListName>
    </DestinationListSettings>
    <!-- Tell DIFS about the source you importing from-->
    <SourceColumns>
      <!-- The column in the source which contains the full path of the file being imported.  The value entered here is ignored unless DestinationItemType is Document -->
      <SourceFileNameAndPath>FullName</SourceFileNameAndPath>
      <!-- The column in the source the value of which matches the content type in sharepoint to set on the item.  If you are not using content types on the destination list you can enter an OOTB SharePoint content type such as Item, Document, Folder -->
      <ContentType>ContentType</ContentType>
      <!-- The column in the source (if applicable) that contains the subfolder path (If any) to import to -->
      <!-- This could be, for example, "Staff" or "Staff/Managers" or "Staff/Managers/Retired".  The folder must already exist and can be created using DIFS -->
      <DestinationSubFolder>DestinationSubDirectories</DestinationSubFolder>
      <!-- The column in the source which contains the destination name. The value entered here is ignored unless DestinationItemType is Document or Folder -->
      <DestinationFileName>DestinationFolderName</DestinationFileName>
    </SourceColumns>
  </Destination>
</DataSetImportSettings>