<?xml version="1.0" encoding="utf-8"?>
<DataSetImportSettings xmlns:xsd="http://www.w3.org/2001/XMLSchema" xmlns:xsi="http://www.w3.org/2001/XMLSchema-instance">
  <Source>
    <SourceDataSetType>OLEDbSelect</SourceDataSetType>
    <OleDbSourceDataSetSettings>
      <ConnectionString>Provider=Microsoft.ACE.OLEDB.12.0;Data Source=\\vmware-host\Shared Folders\Projects\ProductDevelopment\ImportForSharePoint\WorkingArea\Examples\WikiPage.xlsx;Extended Properties="Excel 12.0 Xml;HDR=YES;IMEX=0";</ConnectionString>
    </OleDbSourceDataSetSettings>
    <OleDbTableSourceDataSetSettings />
    <OleDbSelectSourceDataSetSettings>
      <SelectStatement>select * from [files$]</SelectStatement>
    </OleDbSelectSourceDataSetSettings>
  </Source>
  <Destination>
    <AuthenticationSettings>
      <AuthenticationType>Office365</AuthenticationType>
      <domain />
      <username>me@mycompany.onmicrosoft.com</username>
      <encryptedpassed></encryptedpassed>
    </AuthenticationSettings>
    <DestinationItemSettings>
      <DestinationItemType>WikiPage</DestinationItemType>
      <ItemExistsBehaviour>Overwrite</ItemExistsBehaviour>
      <ImportMappings>
        <ImportMapping xsi:type="ImportMapping_String">
          <DestinationField>Title</DestinationField>
          <SourceColumn>Title</SourceColumn>
        </ImportMapping>
        <!-- This is the important mapping - the source column WikiField provides the HTML content for the page -->
        <ImportMapping xsi:type="ImportMapping_String">
          <DestinationField>WikiField</DestinationField>
          <SourceColumn>WikiField</SourceColumn>
        </ImportMapping>
      </ImportMappings>
    </DestinationItemSettings>
    <DestinationListSettings>
      <DestinationWebUrlRelative>/sites/SPImportHelper</DestinationWebUrlRelative>
      <DestinationFolderUrlRelative>/sites/SPImportHelper/SitePages</DestinationFolderUrlRelative>
      <DestinationServerUrl>https://mycompany.sharepoint.com</DestinationServerUrl>
      <!-- Wiki pages normally go into the Site Pages library-->
      <DestinationListName>Site Pages</DestinationListName>
    </DestinationListSettings>
    <SourceColumns>
      <SourceFileNameAndPath>FullName</SourceFileNameAndPath>
      <!-- Ignored-->
      <ContentType>ContentType</ContentType>
      <DestinationSubFolder>DestinationSubDirectories</DestinationSubFolder>
      <!-- The name of the column in the source data set which contains the name of the page to create e.g. My Page.aspx-->
      <DestinationFileName>DestinationFileName</DestinationFileName>
      <Publish>Publish</Publish>
      <CheckInComment>CheckInComment</CheckInComment>
      <PublishComment>PublishComment</PublishComment>
    </SourceColumns>
  </Destination>
</DataSetImportSettings>