<?xml version="1.0" encoding="utf-8"?>
<DataSetImportSettings xmlns:xsd="http://www.w3.org/2001/XMLSchema" xmlns:xsi="http://www.w3.org/2001/XMLSchema-instance">
  <Source>
    <SourceDataSetType>OLEDbSelect</SourceDataSetType>
    <OleDbSourceDataSetSettings>
      <ConnectionString>Provider=Microsoft.ACE.OLEDB.12.0;Data Source=\\vmware-host\Shared Folders\Projects\ProductDevelopment\ImportForSharePoint\WorkingArea\Examples\OneDrive.xlsx;Extended Properties="Excel 12.0 Xml;HDR=YES;IMEX=0";</ConnectionString>
    </OleDbSourceDataSetSettings>
    <OleDbTableSourceDataSetSettings />
    <OleDbSelectSourceDataSetSettings>
      <SelectStatement>select * from [files$]</SelectStatement>
    </OleDbSelectSourceDataSetSettings>
  </Source>
  <Destination>
    <AuthenticationSettings>
      <AuthenticationType>Office365</AuthenticationType>
      <domain />
      <username>me@company.onmicrosoft.com</username>
      <encryptedpassed></encryptedpassed>
    </AuthenticationSettings>
    <DestinationItemSettings>
      <DestinationItemType>Document</DestinationItemType>
      <ItemExistsBehaviour>Overwrite</ItemExistsBehaviour>
      <ImportMappings>
        <ImportMapping xsi:type="ImportMapping_String">
          <DestinationField>Title</DestinationField>
          <SourceColumn>Title</SourceColumn>
        </ImportMapping>
      </ImportMappings>
    </DestinationItemSettings>
    <!-- When importing to OneDrive you must carefully specific the location of the destination document library.  This will be as below but "Me" and "company" should be replaced as appropriate-->
    <DestinationListSettings>
      <DestinationWebUrlRelative>/personal/me_company_onmicrosoft_com</DestinationWebUrlRelative>
      <DestinationFolderUrlRelative>/personal/me_company_onmicrosoft_com/Documents</DestinationFolderUrlRelative>
      <DestinationServerUrl>https://company-my.sharepoint.com</DestinationServerUrl>
      <DestinationListName>Documents</DestinationListName>
    </DestinationListSettings>
    <SourceColumns>
      <SourceFileNameAndPath>FullName</SourceFileNameAndPath>
      <ContentType>ContentType</ContentType>
      <DestinationSubFolder>DestinationSubDirectories</DestinationSubFolder>
      <DestinationFileName>DestinationFileName</DestinationFileName>
      <Publish>Publish</Publish>
      <CheckInComment>CheckInComment</CheckInComment>
      <PublishComment>PublishComment</PublishComment>
    </SourceColumns>
  </Destination>
</DataSetImportSettings>