<?xml version="1.0" encoding="utf-8"?>
<DataSetImportSettings xmlns:xsd="http://www.w3.org/2001/XMLSchema" xmlns:xsi="http://www.w3.org/2001/XMLSchema-instance">
  <Source>
    <SourceDataSetType>OLEDbSelect</SourceDataSetType>
    <OleDbSourceDataSetSettings>
      <ConnectionString>Provider=Microsoft.ACE.OLEDB.12.0;Data Source=\\vmware-host\Shared Folders\Projects\ProductDevelopment\ImportForSharePoint\WorkingArea\Examples\StaffDocuments.xlsx;Extended Properties="Excel 12.0 Xml;HDR=YES;IMEX=0";</ConnectionString>
    </OleDbSourceDataSetSettings>
    <OleDbSelectSourceDataSetSettings>
      <SelectStatement>select * from [files$]</SelectStatement>
    </OleDbSelectSourceDataSetSettings>
  </Source>
  <Destination>
    <AuthenticationSettings>
      <AuthenticationType>Current</AuthenticationType>
      <domain />
      <username />
    </AuthenticationSettings>
    <DestinationItemSettings>
      <DestinationItemType>Document</DestinationItemType>
      <ItemExistsBehaviour>Overwrite</ItemExistsBehaviour>
      <ImportMappings>
        <ImportMapping xsi:type="ImportMapping_String">
          <DestinationField>Title</DestinationField>
          <SourceColumn>Title</SourceColumn>
        </ImportMapping>
        <ImportMapping xsi:type="ImportMapping_String">
          <DestinationField>EmployeeNumber</DestinationField>
          <SourceColumn>Employee Number</SourceColumn>
        </ImportMapping>
      </ImportMappings>
    </DestinationItemSettings>
    <DestinationListSettings>
      <DestinationWebUrlRelative>/sites/SPImportHelper</DestinationWebUrlRelative>
      <DestinationFolderUrlRelative>/sites/SPImportHelper/Docs</DestinationFolderUrlRelative>
      <DestinationServerUrl>http://productdev</DestinationServerUrl>
      <DestinationListName>Docs</DestinationListName>
    </DestinationListSettings>
    <SourceColumns>
      <SourceFileNameAndPath>FullName</SourceFileNameAndPath>
      <ContentType>ContentType</ContentType>
      <DestinationSubFolder>DestinationSubDirectories</DestinationSubFolder>
      <DestinationFileName>DestinationFileName</DestinationFileName>
    </SourceColumns>
  </Destination>
</DataSetImportSettings>