<?xml version="1.0" encoding="utf-8"?>
<DataSetImportSettings xmlns:xsd="http://www.w3.org/2001/XMLSchema" xmlns:xsi="http://www.w3.org/2001/XMLSchema-instance">
  <Source>
    <SourceDataSetType>OLEDbSelect</SourceDataSetType>
    <OleDbSourceDataSetSettings>
      <ConnectionString>Provider=Microsoft.ACE.OLEDB.12.0;Data Source=\\vmware-host\Shared Folders\Projects\ProductDevelopment\ImportForSharePoint\WorkingArea\Examples\StaffFolders.xlsx;Extended Properties="Excel 12.0 Xml;HDR=YES;IMEX=0";</ConnectionString>
    </OleDbSourceDataSetSettings>
    <OleDbSelectSourceDataSetSettings>
      <SelectStatement>select * from [directories$]</SelectStatement>
    </OleDbSelectSourceDataSetSettings>
  </Source>
  <Destination>
    <AuthenticationSettings>
      <AuthenticationType>Current</AuthenticationType>
      <domain />
      <username />
    </AuthenticationSettings>
    <DestinationItemSettings>
      <DestinationItemType>Folder</DestinationItemType>
      <ItemExistsBehaviour>Overwrite</ItemExistsBehaviour>
      <ImportMappings>
        <ImportMapping xsi:type="ImportMapping_String">
          <DestinationField>Title</DestinationField>
          <SourceColumn>Title</SourceColumn>
        </ImportMapping>
        <ImportMapping xsi:type="ImportMapping_Native">
          <DestinationField>EmployeeNumber</DestinationField>
          <SourceColumn>Employee Number</SourceColumn>
        </ImportMapping>
        <ImportMapping xsi:type="ImportMapping_ManagedMetaDataAutoAdd">
          <DestinationField>Employee Name</DestinationField>
          <SourceColumn>Employee Name</SourceColumn>
        </ImportMapping>
        <ImportMapping xsi:type="ImportMapping_DateTimeFromString">
          <DestinationField>DateOfLeaving</DestinationField>
          <SourceColumn>Date of Leaving</SourceColumn>
		  <!-- Refer to DateTime.ParseExact on MSDN for more information on ConversionMask (format) and culture (iformat provider)-->
		  <ConversionMask>dd/MM/yyyy hh:mm:ss</ConversionMask>
		  <Culture>en-GB</Culture>
        </ImportMapping>
		<ImportMapping xsi:type="ImportMapping_Lookup">
		  <!-- This is the field of type lookup.-->
          <DestinationField>Job</DestinationField>
          <SourceColumn>Job Title</SourceColumn>
		  <!-- This is the list that contains the lookup values -->
		  <LookupListTitle>Items</LookupListTitle>
		  <!-- This is the field in the lookup list the value of which matches the value in the source column-->
		  <LookupFieldInternalName>Title</LookupFieldInternalName>
		  <!-- This is the CAML value type Text,Number,DateTime,Guid,MultiChoice,Lookup for the field on in the lookup list that matches the value specified in the source column -->
		  <LookupFieldCAMLType>Text</LookupFieldCAMLType>
        </ImportMapping>
      </ImportMappings>
    </DestinationItemSettings>
    <DestinationListSettings>
      <DestinationWebUrlRelative>/sites/SPImportHelper</DestinationWebUrlRelative>
      <DestinationFolderUrlRelative>/sites/SPImportHelper/Docs</DestinationFolderUrlRelative>
      <DestinationServerUrl>http://productdev</DestinationServerUrl>
      <DestinationListName>Docs</DestinationListName>
    </DestinationListSettings>
    <SourceColumns>
      <SourceFileNameAndPath>FullName</SourceFileNameAndPath>
      <ContentType>ContentType</ContentType>
      <DestinationSubFolder>DestinationSubDirectories</DestinationSubFolder>
      <DestinationFileName>DestinationFolderName</DestinationFileName>
    </SourceColumns>
  </Destination>
</DataSetImportSettings>