<?xml version="1.0" encoding="utf-8"?>
<DataSetImportSettings xmlns:xsd="http://www.w3.org/2001/XMLSchema" xmlns:xsi="http://www.w3.org/2001/XMLSchema-instance">
  <Source>
    <!-- The source used is OLEDbTable-->
    <SourceDataSetType>OLEDbTable</SourceDataSetType>
    <!-- The Connection string uses a SQL Server data set-->
    <OleDbSourceDataSetSettings>
      <ConnectionString>Provider=SQLNCLI10;Server=127.0.0.1\SharePoint;Database=DMSystem;Trusted_Connection=yes;</ConnectionString>
    </OleDbSourceDataSetSettings>
    <!-- We will use the ImportSource table-->
    <OleDbTableSourceDataSetSettings>
      <TableName>ImportSourceTIFF</TableName>
    </OleDbTableSourceDataSetSettings>
  </Source>
  <Destination>
    <!-- The authentication type is current because we are using SharePoint Server On-Premises and running the import as a user with sufficient permissions -->
    <AuthenticationSettings>
      <AuthenticationType>Current</AuthenticationType>
      <domain />
      <username></username>
      <encryptedpassed></encryptedpassed>
    </AuthenticationSettings>
    <DestinationItemSettings>
      <!-- The DestinationItemType you are telling DIFS to make is an item as opposed to a File or Folder -->
      <DestinationItemType>Document</DestinationItemType>
      <!-- If the item already exists then overwrite it -->
      <ItemExistsBehaviour>Overwrite</ItemExistsBehaviour>
      <!-- Map data from your source into SharePoint fields-->
      <ImportMappings>
        <!-- Map title to title assuming that it is a string -->
        <ImportMapping xsi:type="ImportMapping_String">
          <DestinationField>Title</DestinationField>
          <SourceColumn>Title</SourceColumn>
        </ImportMapping>
        <!-- Field10 is the contract type -->
        <ImportMapping xsi:type="ImportMapping_String">
          <DestinationField>ContractType</DestinationField>
          <SourceColumn>Field10</SourceColumn>
        </ImportMapping>
        <!-- Field16 is the country -->
        <ImportMapping xsi:type="ImportMapping_String">
          <DestinationField>Country</DestinationField>
          <SourceColumn>Field16</SourceColumn>
        </ImportMapping>
      </ImportMappings>
    </DestinationItemSettings>
    <!-- Tell DIFS exactly where the destination list or library is -->
    <DestinationListSettings>
      <DestinationWebUrlRelative>/sites/SPImportHelper</DestinationWebUrlRelative>
      <DestinationFolderUrlRelative>/sites/SPImportHelper/Docs</DestinationFolderUrlRelative>
      <DestinationServerUrl>http://productdev</DestinationServerUrl>
      <DestinationListName>Docs</DestinationListName>
    </DestinationListSettings>
    <!-- Tell DIFS about the source you importing from-->
    <SourceColumns>
      <!-- The column in the source which contains the full path of the file being imported.  The value entered here is ignored unless DestinationItemType is Document -->
      <SourceFileNameAndPath>filepath</SourceFileNameAndPath>
      <!-- The column in the source the value of which matches the content type in sharepoint to set on the item.  If you are not using content types on the destination list you can enter an OOTB SharePoint content type such as Item, Document, Folder -->
      <ContentType>ContentType</ContentType>
      <!-- The column in the source (if applicable) that contains the subfolder path (If any) to import to -->
      <!-- This could be, for example, "Staff" or "Staff/Managers" or "Staff/Managers/Retired".  The folder must already exist and can be created using DIFS -->
      <DestinationSubFolder>DestinationSubDirectories</DestinationSubFolder>
      <!-- The column in the source which contains the destination name. The value entered here is ignored unless DestinationItemType is Document or Folder -->
      <DestinationFileName>filename</DestinationFileName>
      <ConversionMethod>ConversionMethod</ConversionMethod>
    </SourceColumns>
  </Destination>
</DataSetImportSettings>